date,valeur,couleur_html,qualificatif,type_valeur
2020-02-09,33.41208786496,#99E600,Bon,réelle
2020-02-08,32.4643152832806,#99E600,Bon,réelle
2020-02-07,59.900119557767,#FFFF00,Moyen,réelle
2020-02-06,38.1259429423818,#99E600,Bon,réelle
2020-02-05,26.8818272054678,#5CCB60,Bon,réelle
2020-02-04,28.0717918099537,#5CCB60,Bon,réelle
2020-02-03,67.1143426649848,#FFD100,Médiocre,réelle
2020-02-02,22.9869353562649,#5CCB60,Bon,réelle
2020-02-01,31.488352684665,#99E600,Bon,réelle
2020-01-31,46.244529464095,#C3F000,Bon,réelle
2020-01-30,31.0363093333286,#99E600,Bon,réelle
2020-01-29,28.563024473178,#5CCB60,Bon,réelle
2020-01-28,28.4007329891723,#5CCB60,Bon,réelle
2020-01-27,31.735905999036,#99E600,Bon,réelle
2020-01-26,44.3295107062146,#C3F000,Bon,réelle
2020-01-25,96.7102286053183,#FF0000,Mauvais,réelle
2020-01-24,99.9677839489184,#FF0000,Mauvais,réelle
2020-01-23,95.9379259082001,#FF0000,Mauvais,réelle
2020-01-22,90.4104343051462,#FF0000,Mauvais,réelle
2020-01-21,47.9092623783554,#C3F000,Bon,réelle
2020-01-20,18.903049332167,#32B8A3,Très bon,réelle
2020-01-19,24.6493162200324,#5CCB60,Bon,réelle
2020-01-18,26.8579262217833,#5CCB60,Bon,réelle
2020-01-17,33.9876484561481,#99E600,Bon,réelle
2020-01-16,31.062354833639,#99E600,Bon,réelle
2020-01-15,33.5045442027152,#99E600,Bon,réelle
2020-01-14,31.2193542040358,#99E600,Bon,réelle
2020-01-13,71.8462531888368,#FFAA00,Médiocre,réelle
2020-01-12,38.0802509026607,#99E600,Bon,réelle
2020-01-11,19.0575928851374,#32B8A3,Très bon,réelle
2020-01-10,26.5195076626376,#5CCB60,Bon,réelle
2020-01-09,30.6760651291685,#99E600,Bon,réelle
2020-01-08,47.6914555849232,#C3F000,Bon,réelle
2020-01-07,45.4605011034904,#C3F000,Bon,réelle
2020-01-06,66.7269461132235,#FFD100,Médiocre,réelle
2020-01-05,26.7268339957855,#5CCB60,Bon,réelle
2020-01-04,26.7045241050814,#5CCB60,Bon,réelle
2020-01-03,70.6763501914958,#FFAA00,Médiocre,réelle
2020-01-02,52.2306709132519,#FFFF00,Moyen,réelle
2020-01-01,55.5685072744089,#FFFF00,Moyen,réelle
2019-12-31,88.7052322868179,#FF5E00,Médiocre,réelle
2019-12-30,59.6344762079879,#FFFF00,Moyen,réelle
2019-12-29,29.9646736220191,#5CCB60,Bon,réelle
2019-12-28,15.6487799414613,#32B8A3,Très bon,réelle
2019-12-27,19.4116802512427,#32B8A3,Très bon,réelle
2019-12-26,30.4102142455224,#99E600,Bon,réelle
2019-12-25,26.838383449306,#5CCB60,Bon,réelle
2019-12-24,26.7289439234335,#5CCB60,Bon,réelle
2019-12-23,30.1025452876727,#99E600,Bon,réelle
2019-12-22,28.5460758740385,#5CCB60,Bon,réelle
2019-12-21,23.6815512091639,#5CCB60,Bon,réelle
2019-12-20,30.5730937421513,#99E600,Bon,réelle
2019-12-19,30.1662927738241,#99E600,Bon,réelle
2019-12-18,56.6359577194003,#FFFF00,Moyen,réelle
2019-12-17,33.2314296337235,#99E600,Bon,réelle
2019-12-16,29.8894425952262,#5CCB60,Bon,réelle
2019-12-15,21.4349279207714,#5CCB60,Bon,réelle
2019-12-14,25.8926170283411,#5CCB60,Bon,réelle
2019-12-13,28.5729169208391,#5CCB60,Bon,réelle
2019-12-12,29.3831983156211,#5CCB60,Bon,réelle
2019-12-11,35.5078686210104,#99E600,Bon,réelle
2019-12-10,29.0784348319096,#5CCB60,Bon,réelle
2019-12-09,26.748417517955,#5CCB60,Bon,réelle
2019-12-08,40.9031611507758,#C3F000,Bon,réelle
2019-12-07,87.5299679979123,#FF5E00,Médiocre,réelle
2019-12-06,92.0686299025956,#FF0000,Mauvais,réelle
2019-12-05,94.8514861143768,#FF0000,Mauvais,réelle
2019-12-04,92.2316477551359,#FF0000,Mauvais,réelle
2019-12-03,35.7296877358716,#99E600,Bon,réelle
2019-12-02,18.5154452465387,#32B8A3,Très bon,réelle
2019-12-01,12.0904734355787,#32B8A3,Très bon,réelle
2019-11-30,21.466196356735,#5CCB60,Bon,réelle
2019-11-29,26.3352175887283,#5CCB60,Bon,réelle
2019-11-28,26.9439144206831,#5CCB60,Bon,réelle
2019-11-27,27.8701380691708,#5CCB60,Bon,réelle
2019-11-26,50.4627590781073,#FFFF00,Moyen,réelle
2019-11-25,38.0109000020998,#99E600,Bon,réelle
2019-11-24,21.5643944648109,#5CCB60,Bon,réelle
2019-11-23,19.3287704713703,#32B8A3,Très bon,réelle
2019-11-22,19.0912825495495,#32B8A3,Très bon,réelle
2019-11-21,44.6685864559392,#C3F000,Bon,réelle
2019-11-20,49.6577006189785,#C3F000,Bon,réelle
2019-11-19,19.2059796000531,#32B8A3,Très bon,réelle
2019-11-18,39.7037191663629,#99E600,Bon,réelle
2019-11-17,42.3192339033744,#C3F000,Bon,réelle
2019-11-16,30.2197327445805,#99E600,Bon,réelle
2019-11-15,19.2175669076281,#32B8A3,Très bon,réelle
2019-11-14,22.1059540907864,#5CCB60,Bon,réelle
2019-11-13,23.419228401257,#5CCB60,Bon,réelle
2019-11-12,22.9636915631592,#5CCB60,Bon,réelle
2019-11-11,24.2481878440703,#5CCB60,Bon,réelle
2019-11-10,21.5602437874706,#5CCB60,Bon,réelle
2019-11-09,20.8615810241648,#5CCB60,Bon,réelle
2019-11-08,20.0712228806162,#5CCB60,Bon,réelle
2019-11-07,15.9398461899498,#32B8A3,Très bon,réelle
2019-11-06,19.4206042075244,#32B8A3,Très bon,réelle
2019-11-05,18.93400646733,#32B8A3,Très bon,réelle
2019-11-04,16.8574917719342,#32B8A3,Très bon,réelle
2019-11-03,34.7533446584998,#99E600,Bon,réelle
2019-11-02,22.4089189476504,#5CCB60,Bon,réelle
2019-11-01,23.2713605210088,#5CCB60,Bon,réelle
2019-10-31,26.1077604704799,#5CCB60,Bon,réelle
2019-10-30,17.8026701802759,#32B8A3,Très bon,réelle
2019-10-29,21.1547572003013,#5CCB60,Bon,réelle
2019-10-28,29.3403079831047,#5CCB60,Bon,réelle
2019-10-27,34.2463048324044,#99E600,Bon,réelle
2019-10-26,22.1277105578452,#5CCB60,Bon,réelle
2019-10-25,23.2611913615251,#5CCB60,Bon,réelle
2019-10-24,29.5314120856476,#5CCB60,Bon,réelle
2019-10-23,23.574083255028,#5CCB60,Bon,réelle
2019-10-22,12.6931171964123,#32B8A3,Très bon,réelle
2019-10-21,16.9084067473085,#32B8A3,Très bon,réelle
2019-10-20,39.9201078117038,#99E600,Bon,réelle
2019-10-19,40.3757138277573,#C3F000,Bon,réelle
2019-10-18,28.3038492622542,#5CCB60,Bon,réelle
2019-10-17,30.7555160112574,#99E600,Bon,réelle
2019-10-16,21.1270514290548,#5CCB60,Bon,réelle
2019-10-15,26.5772712556234,#5CCB60,Bon,réelle
2019-10-14,37.1659258625485,#99E600,Bon,réelle
2019-10-13,37.750029931262,#99E600,Bon,réelle
2019-10-12,30.5159527507665,#99E600,Bon,réelle
2019-10-11,33.7649992058189,#99E600,Bon,réelle
2019-10-10,22.1893481163486,#5CCB60,Bon,réelle
2019-10-09,16.9615354172643,#32B8A3,Très bon,réelle
2019-10-08,24.675949732966,#5CCB60,Bon,réelle
2019-10-07,26.1166844267615,#5CCB60,Bon,réelle
2019-10-06,23.4375259705321,#5CCB60,Bon,réelle
2019-10-05,21.6694757794762,#5CCB60,Bon,réelle
2019-10-04,21.9813645926218,#5CCB60,Bon,réelle
2019-10-03,34.669224264403,#99E600,Bon,réelle
2019-10-02,23.5125840524359,#5CCB60,Bon,réelle
2019-10-01,35.4092554452005,#99E600,Bon,réelle
2019-09-30,32.9447561854202,#99E600,Bon,réelle
2019-09-29,40.4646420897732,#C3F000,Bon,réelle
2019-09-28,32.0157308297278,#99E600,Bon,réelle
2019-09-27,33.2838665241226,#99E600,Bon,réelle
2019-09-26,24.3284688616273,#5CCB60,Bon,réelle
2019-09-25,18.2524306590751,#32B8A3,Très bon,réelle
2019-09-24,17.6885611423955,#32B8A3,Très bon,réelle
2019-09-23,26.0106000317391,#5CCB60,Bon,réelle
2019-09-22,38.8394443771792,#99E600,Bon,réelle
2019-09-21,42.1119767481821,#C3F000,Bon,réelle
2019-09-20,42.174790331932,#C3F000,Bon,réelle
2019-09-19,37.7176200590299,#99E600,Bon,réelle
2019-09-18,42.0063074208937,#C3F000,Bon,réelle
2019-09-17,48.4280278679371,#C3F000,Bon,réelle
2019-09-16,66.0217460331068,#FFD100,Médiocre,réelle
2019-09-15,59.6719706599619,#FFFF00,Moyen,réelle
2019-09-14,49.4066192288682,#C3F000,Bon,réelle
2019-09-13,35.3313956560921,#99E600,Bon,réelle
2019-09-12,48.8868852479071,#C3F000,Bon,réelle
2019-09-11,46.8427112467878,#C3F000,Bon,réelle
2019-09-10,35.5839297832714,#99E600,Bon,réelle
2019-09-09,32.0389054448778,#99E600,Bon,réelle
2019-09-08,23.8514522682934,#5CCB60,Bon,réelle
2019-09-07,36.1961892799433,#99E600,Bon,réelle
2019-09-06,33.4490288932887,#99E600,Bon,réelle
2019-09-05,28.6161531431339,#5CCB60,Bon,réelle
2019-09-04,56.2222043665281,#FFFF00,Moyen,réelle
2019-09-03,45.6865400736475,#C3F000,Bon,réelle
2019-09-02,37.5137526236655,#99E600,Bon,réelle
2019-09-01,36.724017081718,#99E600,Bon,réelle
2019-08-31,57.1417523422935,#FFFF00,Moyen,réelle
2019-08-30,48.5609187207823,#C3F000,Bon,réelle
2019-08-29,49.9346891534877,#C3F000,Bon,réelle
2019-08-28,70.8165047296865,#FFAA00,Médiocre,réelle
2019-08-27,51.6798414412164,#FFFF00,Moyen,réelle
2019-08-26,68.0146245800956,#FFD100,Médiocre,réelle
2019-08-25,65.7934241904125,#FFD100,Médiocre,réelle
2019-08-24,61.7482778214907,#FFD100,Médiocre,réelle
2019-08-23,48.0992942225854,#C3F000,Bon,réelle
2019-08-22,40.7056234983554,#C3F000,Bon,réelle
2019-08-21,34.8246325418194,#99E600,Bon,réelle
2019-08-20,15.2959377785581,#32B8A3,Très bon,réelle
2019-08-19,18.2884377850022,#32B8A3,Très bon,réelle
2019-08-18,38.4106102299706,#99E600,Bon,réelle
2019-08-17,55.6887039723884,#FFFF00,Moyen,réelle
2019-08-16,36.2612511472525,#99E600,Bon,réelle
2019-08-15,29.1815445748382,#5CCB60,Bon,réelle
2019-08-14,36.9055054484226,#99E600,Bon,réelle
2019-08-13,37.1587313551586,#99E600,Bon,réelle
2019-08-12,37.2204035026399,#99E600,Bon,réelle
2019-08-11,35.1597651480707,#99E600,Bon,réelle
2019-08-10,49.2005035099445,#C3F000,Bon,réelle
2019-08-09,53.7009100051414,#FFFF00,Moyen,réelle
2019-08-08,49.3819226986934,#C3F000,Bon,réelle
2019-08-07,37.522088567324,#99E600,Bon,réelle
2019-08-06,60.436732959912,#FFD100,Médiocre,réelle
2019-08-05,82.7801403835413,#FF5E00,Médiocre,réelle
2019-08-04,62.1181377614892,#FFD100,Médiocre,réelle
2019-08-03,55.4715889585129,#FFFF00,Moyen,réelle
2019-08-02,49.1070095028543,#C3F000,Bon,réelle
2019-08-01,43.6177733092869,#C3F000,Bon,réelle
2019-07-31,36.7241554376293,#99E600,Bon,réelle
2019-07-30,36.7163037396606,#99E600,Bon,réelle
2019-07-29,46.7217190023181,#C3F000,Bon,réelle
2019-07-28,30.6787284804619,#99E600,Bon,réelle
2019-07-27,48.5713300031109,#C3F000,Bon,réelle
2019-07-26,60.5088509786996,#FFD100,Médiocre,réelle
2019-07-25,73.8415529642742,#FFAA00,Médiocre,réelle
2019-07-24,84.6456277251608,#FF5E00,Médiocre,réelle
2019-07-23,90.799179827043,#FF0000,Mauvais,réelle
2019-07-22,60.187069717893,#FFD100,Médiocre,réelle
2019-07-21,48.9882309529661,#C3F000,Bon,réelle
2019-07-20,58.1041214726197,#FFFF00,Moyen,réelle
2019-07-19,73.2774413247497,#FFAA00,Médiocre,réelle
2019-07-18,66.1050017027576,#FFD100,Médiocre,réelle
2019-07-17,63.9507655741646,#FFD100,Médiocre,réelle
2019-07-16,53.7441462274362,#FFFF00,Moyen,réelle
2019-07-15,42.1809471699868,#C3F000,Bon,réelle
2019-07-14,44.3513709402069,#C3F000,Bon,réelle
2019-07-13,48.6253579864905,#C3F000,Bon,réelle
2019-07-12,49.9771644182701,#C3F000,Bon,réelle
2019-07-11,51.8465257254072,#FFFF00,Moyen,réelle
2019-07-10,54.6259230394049,#FFFF00,Moyen,réelle
2019-07-09,56.1025265032162,#FFFF00,Moyen,réelle
2019-07-08,59.7982896070183,#FFFF00,Moyen,réelle
2019-07-07,66.8703866043087,#FFD100,Médiocre,réelle
2019-07-06,82.2330465211121,#FF5E00,Médiocre,réelle
2019-07-05,91.8320412941986,#FF0000,Mauvais,réelle
2019-07-04,71.7130856241689,#FFAA00,Médiocre,réelle
2019-07-03,66.5262262748423,#FFD100,Médiocre,réelle
2019-07-02,54.3587231856231,#FFFF00,Moyen,réelle
2019-07-01,85.1333323126459,#FF5E00,Médiocre,réelle
2019-06-30,83.5632348417444,#FF5E00,Médiocre,réelle
2019-06-29,92.5003003459867,#FF0000,Mauvais,réelle
2019-06-28,75.4640181476192,#FFAA00,Médiocre,réelle
2019-06-27,99.983245222011,#FF0000,Mauvais,réelle
2019-06-26,65.8122405943552,#FFD100,Médiocre,réelle
2019-06-25,58.7214655490334,#FFFF00,Moyen,réelle
2019-06-24,55.0047415246628,#FFFF00,Moyen,réelle
2019-06-23,50.5640701941884,#FFFF00,Moyen,réelle
2019-06-22,43.589721648262,#C3F000,Bon,réelle
2019-06-21,32.5470175292861,#99E600,Bon,réelle
2019-06-20,37.1732241368718,#99E600,Bon,réelle
2019-06-19,52.4637314459097,#FFFF00,Moyen,réelle
2019-06-18,56.0165383043163,#FFFF00,Moyen,réelle
2019-06-17,50.6850970276359,#FFFF00,Moyen,réelle
2019-06-16,40.0027062907758,#C3F000,Bon,réelle
2019-06-15,44.635553982106,#C3F000,Bon,réelle
2019-06-14,39.5151054702241,#99E600,Bon,réelle
2019-06-13,51.5130879790699,#FFFF00,Moyen,réelle
2019-06-12,34.1560967782086,#99E600,Bon,réelle
2019-06-11,23.9004648498868,#5CCB60,Bon,réelle
2019-06-10,21.8939928346085,#5CCB60,Bon,réelle
2019-06-09,28.5018365713865,#5CCB60,Bon,réelle
2019-06-08,50.0465844967866,#FFFF00,Moyen,réelle
2019-06-07,48.8757821860218,#C3F000,Bon,réelle
2019-06-06,39.1837776515348,#99E600,Bon,réelle
2019-06-05,54.6883215554207,#FFFF00,Moyen,réelle
2019-06-04,57.2050501717331,#FFFF00,Moyen,réelle
2019-06-03,57.5645680073586,#FFFF00,Moyen,réelle
2019-06-02,55.8863453917423,#FFFF00,Moyen,réelle
2019-06-01,62.3450414560922,#FFD100,Médiocre,réelle
2019-05-31,42.3847108384176,#C3F000,Bon,réelle
2019-05-30,40.1023571359208,#C3F000,Bon,réelle
2019-05-29,33.0671319890034,#99E600,Bon,réelle
2019-05-28,27.421968683352,#5CCB60,Bon,réelle
2019-05-27,22.417012768464,#5CCB60,Bon,réelle
2019-05-26,44.8481032509072,#C3F000,Bon,réelle
2019-05-25,53.8687357256008,#FFFF00,Moyen,réelle
2019-05-24,53.6693302683773,#FFFF00,Moyen,réelle
2019-05-23,56.6414227778983,#FFFF00,Moyen,réelle
2019-05-22,49.8294348939333,#C3F000,Bon,réelle
2019-05-21,48.7533717934609,#C3F000,Bon,réelle
2019-05-20,41.7728664094797,#C3F000,Bon,réelle
2019-05-19,39.0333847759046,#99E600,Bon,réelle
2019-05-18,45.6425774828182,#C3F000,Bon,réelle
2019-05-17,44.6437169808753,#C3F000,Bon,réelle
2019-05-16,43.5316467544757,#C3F000,Bon,réelle
2019-05-15,44.4468365190338,#C3F000,Bon,réelle
2019-05-14,51.5761090966868,#FFFF00,Moyen,réelle
2019-05-13,46.8343061251737,#C3F000,Bon,réelle
2019-05-12,46.2671852445775,#C3F000,Bon,réelle
2019-05-11,39.0647569788017,#99E600,Bon,réelle
2019-05-10,39.3797587999526,#99E600,Bon,réelle
2019-05-09,31.4872112483964,#99E600,Bon,réelle
2019-05-08,49.4216654342268,#C3F000,Bon,réelle
2019-05-07,50.4292423585844,#FFFF00,Moyen,réelle
2019-05-06,44.5397079245229,#C3F000,Bon,réelle
2019-05-05,38.5962838629933,#99E600,Bon,réelle
2019-05-04,39.6917167910539,#99E600,Bon,réelle
2019-05-03,41.8824442912636,#C3F000,Bon,réelle
2019-05-02,44.7707622964662,#C3F000,Bon,réelle
2019-05-01,54.6618955763541,#FFFF00,Moyen,réelle
2019-04-30,43.6352753320718,#C3F000,Bon,réelle
2019-04-29,37.8454263321333,#99E600,Bon,réelle
2019-04-28,38.881193273427,#99E600,Bon,réelle
2019-04-27,44.616599222252,#C3F000,Bon,réelle
2019-04-26,37.535993336414,#99E600,Bon,réelle
2019-04-25,47.7989927170148,#C3F000,Bon,réelle
2019-04-24,50.1814123323907,#FFFF00,Moyen,réelle
2019-04-23,42.6366223639959,#C3F000,Bon,réelle
2019-04-22,52.7486754453212,#FFFF00,Moyen,réelle
2019-04-21,55.5763589723776,#FFFF00,Moyen,réelle
2019-04-20,68.7064733147677,#FFD100,Médiocre,réelle
2019-04-19,66.3595074016736,#FFD100,Médiocre,réelle
2019-04-18,57.245726809668,#FFFF00,Moyen,réelle
2019-04-17,50.3350219829596,#FFFF00,Moyen,réelle
2019-04-16,47.9677523398758,#C3F000,Bon,réelle
2019-04-15,55.8700539831816,#FFFF00,Moyen,réelle
2019-04-14,46.7840483403782,#C3F000,Bon,réelle
2019-04-13,45.2383360988509,#C3F000,Bon,réelle
2019-04-12,53.8185817077389,#FFFF00,Moyen,réelle
2019-04-11,53.9640629485164,#FFFF00,Moyen,réelle
2019-04-10,44.8672655446282,#C3F000,Bon,réelle
2019-04-09,43.8857687095589,#C3F000,Bon,réelle
2019-04-08,37.207536402885,#99E600,Bon,réelle
2019-04-07,36.2255207331481,#99E600,Bon,réelle
2019-04-06,47.7203027924383,#C3F000,Bon,réelle
2019-04-05,40.7194936784675,#C3F000,Bon,réelle
2019-04-04,35.4169687872579,#99E600,Bon,réelle
2019-04-03,45.4546209772583,#C3F000,Bon,réelle
2019-04-02,52.6556656839207,#FFFF00,Moyen,réelle
2019-04-01,56.4397344481376,#FFFF00,Moyen,réelle
2019-03-31,61.4500516545902,#FFD100,Médiocre,réelle
2019-03-30,53.9055038090403,#FFFF00,Moyen,réelle
2019-03-29,49.0839732436157,#C3F000,Bon,réelle
2019-03-28,38.9146754039721,#99E600,Bon,réelle
2019-03-27,42.7659159631462,#C3F000,Bon,réelle
2019-03-26,40.9619624130967,#C3F000,Bon,réelle
2019-03-25,48.7749899046082,#C3F000,Bon,réelle
2019-03-24,59.7478588773337,#FFFF00,Moyen,réelle
2019-03-23,54.1985070402876,#FFFF00,Moyen,réelle
2019-03-22,68.5893550358157,#FFD100,Médiocre,réelle
2019-03-21,43.4312349518183,#C3F000,Bon,réelle
2019-03-20,41.27053068437,#C3F000,Bon,réelle
2019-03-19,39.1510564785021,#99E600,Bon,réelle
2019-03-18,37.9858229931689,#99E600,Bon,réelle
2019-03-17,38.5539469541223,#99E600,Bon,réelle
2019-03-16,36.5228475866248,#99E600,Bon,réelle
2019-03-15,21.6523196464696,#5CCB60,Bon,réelle
2019-03-14,33.8413370799026,#99E600,Bon,réelle
2019-03-13,38.5901270249385,#99E600,Bon,réelle
2019-03-12,43.0776318314027,#C3F000,Bon,réelle
2019-03-11,38.6067297342997,#99E600,Bon,réelle
2019-03-10,37.6136455916554,#99E600,Bon,réelle
2019-03-09,32.3578504095019,#99E600,Bon,réelle
2019-03-08,26.7543668221428,#5CCB60,Bon,réelle
2019-03-07,38.8937836613592,#99E600,Bon,réelle
2019-03-06,37.8299650590406,#99E600,Bon,réelle
2019-03-05,45.0585425920603,#C3F000,Bon,réelle
2019-03-04,40.0656928194148,#C3F000,Bon,réelle
2019-03-03,35.0611865612386,#99E600,Bon,réelle
2019-03-02,37.9815685488951,#99E600,Bon,réelle
2019-03-01,36.1910701112236,#99E600,Bon,réelle
2019-02-28,74.7381684477344,#FFAA00,Médiocre,réelle
2019-02-27,92.1131459170703,#FF0000,Mauvais,réelle
2019-02-26,92.8191069546995,#FF0000,Mauvais,réelle
2019-02-25,91.1529558923479,#FF0000,Mauvais,réelle
2019-02-24,67.1962839534778,#FFD100,Médiocre,réelle
2019-02-23,50.3662558299453,#FFFF00,Moyen,réelle
2019-02-22,49.6064397538258,#C3F000,Bon,réelle
2019-02-21,91.1575216374222,#FF0000,Mauvais,réelle
2019-02-20,77.3693519917055,#FFAA00,Médiocre,réelle
2019-02-19,56.3116168742337,#FFFF00,Moyen,réelle
2019-02-18,42.6962883507627,#C3F000,Bon,réelle
2019-02-17,43.1856877981618,#C3F000,Bon,réelle
2019-02-16,56.8086604857345,#FFFF00,Moyen,réelle
2019-02-15,93.3154587866436,#FF0000,Mauvais,réelle
2019-02-14,90.7889414896036,#FF0000,Mauvais,réelle
2019-02-13,59.5656441420946,#FFFF00,Moyen,réelle
2019-02-12,30.0034824551509,#99E600,Bon,réelle
2019-02-11,31.0982581926326,#99E600,Bon,réelle
2019-02-10,36.9865474234919,#99E600,Bon,réelle
2019-02-09,28.6518489682604,#5CCB60,Bon,réelle
2019-02-08,59.9501006307397,#FFFF00,Moyen,réelle
2019-02-07,73.9649664371924,#FFAA00,Médiocre,réelle
2019-02-06,90.9145340681255,#FF0000,Mauvais,réelle
2019-02-05,63.122497910908,#FFD100,Médiocre,réelle
2019-02-04,31.1264136205909,#99E600,Bon,réelle
2019-02-03,23.9915722175064,#5CCB60,Bon,réelle
2019-02-02,26.9471311956218,#5CCB60,Bon,réelle
2019-02-01,28.4058175689142,#5CCB60,Bon,réelle
2019-01-31,25.4715654011456,#5CCB60,Bon,réelle
2019-01-30,32.4174126293352,#99E600,Bon,réelle
2019-01-29,29.7151141469337,#5CCB60,Bon,réelle
2019-01-28,35.3062494692054,#99E600,Bon,réelle
2019-01-27,30.2203553461815,#99E600,Bon,réelle
2019-01-26,60.8041716714619,#FFD100,Médiocre,réelle
2019-01-25,38.703163804506,#99E600,Bon,réelle
2019-01-24,29.2793967931358,#5CCB60,Bon,réelle
2019-01-23,40.230405531869,#C3F000,Bon,réelle
2019-01-22,65.6029772784484,#FFD100,Médiocre,réelle
2019-01-21,46.6579715161666,#C3F000,Bon,réelle
2019-01-20,81.6987159915043,#FF5E00,Médiocre,réelle
2019-01-19,63.557973141861,#FFD100,Médiocre,réelle
2019-01-18,24.0332519357985,#5CCB60,Bon,réelle
2019-01-17,27.8965640482374,#5CCB60,Bon,réelle
2019-01-16,39.538107140485,#99E600,Bon,réelle
2019-01-15,27.0477159431684,#5CCB60,Bon,réelle
2019-01-14,24.1981721821197,#5CCB60,Bon,réelle
2019-01-13,21.8915024282043,#5CCB60,Bon,réelle
2019-01-12,28.9759822795599,#5CCB60,Bon,réelle
2019-01-10,23.2972676654079,#5CCB60,Bon,réelle
2019-01-09,23.6455094942589,#5CCB60,Bon,réelle
2019-01-08,35.0591458115463,#99E600,Bon,réelle
2019-01-07,23.1018399406355,#5CCB60,Bon,réelle
2019-01-06,19.0674853327985,#32B8A3,Très bon,réelle
2019-01-05,25.4739520406163,#5CCB60,Bon,réelle
2019-01-04,24.8432566187579,#5CCB60,Bon,réelle
2019-01-03,27.2126016005118,#5CCB60,Bon,réelle
2019-01-02,31.7458676246527,#99E600,Bon,réelle
2019-01-01,21.2941853699575,#5CCB60,Bon,réelle
2018-12-31,14.7050888591665,#32B8A3,Très bon,réelle
2018-12-30,21.20895812857,#5CCB60,Bon,réelle
2018-12-29,33.5672194305537,#99E600,Bon,réelle
2018-12-28,64.2063781203714,#FFD100,Médiocre,réelle
2018-12-27,70.9889307841981,#FFAA00,Médiocre,réelle
2018-12-26,41.635236866671,#C3F000,Bon,réelle
2018-12-25,14.3541490900442,#32B8A3,Très bon,réelle
2018-12-24,25.2912184707096,#5CCB60,Bon,réelle
2018-12-23,41.336906932837,#C3F000,Bon,réelle
2018-12-22,28.3304135972321,#5CCB60,Bon,réelle
2018-12-21,17.0942533252204,#32B8A3,Très bon,réelle
2018-12-20,29.1790195794562,#5CCB60,Bon,réelle
2018-12-19,33.5708512732265,#99E600,Bon,réelle
2018-12-18,33.5843409745824,#99E600,Bon,réelle
2018-12-17,40.3362823930244,#C3F000,Bon,réelle
2018-12-16,27.9792662942428,#5CCB60,Bon,réelle
2018-12-15,52.8001438443409,#FFFF00,Moyen,réelle
2018-12-14,57.00723580749,#FFFF00,Moyen,réelle
2018-12-13,51.6713325526688,#FFFF00,Moyen,réelle
2018-12-12,38.5184240738849,#99E600,Bon,réelle
2018-12-11,22.8298668079124,#5CCB60,Bon,réelle
2018-12-10,27.4995517606378,#5CCB60,Bon,réelle
2018-12-09,39.3007921635534,#99E600,Bon,réelle
2018-12-08,26.949206534292,#5CCB60,Bon,réelle
2018-12-07,27.4254621701135,#5CCB60,Bon,réelle
2018-12-06,44.6723220655455,#C3F000,Bon,réelle
2018-12-05,40.4903417003052,#C3F000,Bon,réelle
2018-12-04,30.1394517270235,#99E600,Bon,réelle
2018-12-03,19.1346917167335,#32B8A3,Très bon,réelle
2018-12-02,25.3449351532886,#5CCB60,Bon,réelle
2018-12-01,36.0353851219846,#99E600,Bon,réelle
2018-11-30,33.4616884591766,#99E600,Bon,réelle
2018-11-29,28.7694860818801,#5CCB60,Bon,réelle
2018-11-28,63.1768717840659,#FFD100,Médiocre,réelle
2018-11-27,19.4237863934853,#32B8A3,Très bon,réelle
2018-11-26,25.2370175424409,#5CCB60,Bon,réelle
2018-11-25,33.12935756013,#99E600,Bon,réelle
2018-11-24,35.0287421000286,#99E600,Bon,réelle
2018-11-23,43.6737382754253,#C3F000,Bon,réelle
2018-11-22,69.9498087120543,#FFD100,Médiocre,réelle
2018-11-21,50.2029958545602,#FFFF00,Moyen,réelle
2018-11-20,40.7938599808146,#C3F000,Bon,réelle
2018-11-19,49.5143984838046,#C3F000,Bon,réelle
2018-11-18,38.2154592170209,#99E600,Bon,réelle
2018-11-17,13.3569488590374,#32B8A3,Très bon,réelle
2018-11-16,34.6598506514095,#99E600,Bon,réelle
2018-11-15,49.7367364333333,#C3F000,Bon,réelle
2018-11-14,35.872643981267,#99E600,Bon,réelle
2018-11-13,28.5016636264973,#5CCB60,Bon,réelle
2018-11-12,31.0918246427551,#99E600,Bon,réelle
2018-11-11,33.6934346106766,#99E600,Bon,réelle
2018-11-10,36.2808976866633,#99E600,Bon,réelle
2018-11-09,46.5472176091363,#C3F000,Bon,réelle
2018-11-08,24.613170738194,#5CCB60,Bon,réelle
2018-11-07,25.0239494389722,#5CCB60,Bon,réelle
2018-11-06,34.9481151926933,#99E600,Bon,réelle
2018-11-05,72.5774641802862,#FFAA00,Médiocre,réelle
2018-11-04,56.0109003009291,#FFFF00,Moyen,réelle
2018-11-03,26.9585109693298,#5CCB60,Bon,réelle
2018-11-02,21.6796795279377,#5CCB60,Bon,réelle
2018-11-01,34.111338640889,#99E600,Bon,réelle
2018-10-31,29.2259568223794,#5CCB60,Bon,réelle
2018-10-30,17.4065226171222,#32B8A3,Très bon,réelle
2018-10-29,7.42165320729923,#32B8A3,Très bon,réelle
2018-10-28,16.0303655449461,#32B8A3,Très bon,réelle
2018-10-27,20.0894858609136,#5CCB60,Bon,réelle
2018-10-26,37.5000207994647,#99E600,Bon,réelle
2018-10-25,18.4888117336051,#32B8A3,Très bon,réelle
2018-10-24,33.6258823369633,#99E600,Bon,réelle
2018-10-23,36.1510160748897,#99E600,Bon,réelle
2018-10-22,34.6145390904446,#99E600,Bon,réelle
2018-10-21,80.5534403463823,#FF5E00,Médiocre,réelle
2018-10-20,77.137502073272,#FFAA00,Médiocre,réelle
2018-10-19,75.3634679890504,#FFAA00,Médiocre,réelle
2018-10-18,55.0385349560084,#FFFF00,Moyen,réelle
2018-10-17,56.6991171929285,#FFFF00,Moyen,réelle
2018-10-16,60.4988893530829,#FFD100,Médiocre,réelle
2018-10-15,54.6851393694598,#FFFF00,Moyen,réelle
2018-10-14,42.0089361832092,#C3F000,Bon,réelle
2018-10-13,39.4208850945994,#99E600,Bon,réelle
2018-10-12,29.5104857540569,#5CCB60,Bon,réelle
2018-10-11,27.5126263942597,#5CCB60,Bon,réelle
2018-10-10,56.2416433720719,#FFFF00,Moyen,réelle
2018-10-09,66.7524727788664,#FFD100,Médiocre,réelle
2018-10-08,37.4706893462599,#99E600,Bon,réelle
2018-10-07,37.9290970695181,#99E600,Bon,réelle
2018-10-06,41.7397993466687,#C3F000,Bon,réelle
2018-10-05,40.7808891141261,#C3F000,Bon,réelle
2018-10-04,28.6589742976946,#5CCB60,Bon,réelle
2018-10-03,21.1214480146454,#5CCB60,Bon,réelle
2018-10-02,29.5847828784483,#5CCB60,Bon,réelle
2018-10-01,31.7379813377061,#99E600,Bon,réelle
2018-09-30,39.7973515293645,#99E600,Bon,réelle
2018-09-29,43.7357909016627,#C3F000,Bon,réelle
2018-09-28,57.7607221006656,#FFFF00,Moyen,réelle
2018-09-27,58.837442391717,#FFFF00,Moyen,réelle
2018-09-26,46.1051012944388,#C3F000,Bon,réelle
2018-09-25,32.5089696536667,#99E600,Bon,réelle
2018-09-24,31.0968400445413,#99E600,Bon,réelle
2018-09-23,27.693976405053,#5CCB60,Bon,réelle
2018-09-22,39.2850887676159,#99E600,Bon,réelle
2018-09-21,49.6975125324675,#C3F000,Bon,réelle
2018-09-20,59.2746470715618,#FFFF00,Moyen,réelle
2018-09-19,51.4373381176094,#FFFF00,Moyen,réelle
2018-09-18,39.9197965109033,#99E600,Bon,réelle
2018-09-17,42.3966786247488,#C3F000,Bon,réelle
2018-09-16,46.4054373889873,#C3F000,Bon,réelle
2018-09-15,42.6809308446036,#C3F000,Bon,réelle
2018-09-14,25.6105093251121,#5CCB60,Bon,réelle
2018-09-13,54.3697224805749,#FFFF00,Moyen,réelle
2018-09-12,44.2229766544803,#C3F000,Bon,réelle
2018-09-11,58.0611619621476,#FFFF00,Moyen,réelle
2018-09-10,51.3021298032492,#FFFF00,Moyen,réelle
2018-09-09,61.302425897187,#FFD100,Médiocre,réelle
2018-09-08,51.9625371570686,#FFFF00,Moyen,réelle
2018-09-07,40.9979695390237,#C3F000,Bon,réelle
2018-09-06,42.6727678458343,#C3F000,Bon,réelle
2018-09-05,69.5346372110909,#FFD100,Médiocre,réelle
2018-09-04,50.1520117012302,#FFFF00,Moyen,réelle
2018-09-03,40.263680128547,#C3F000,Bon,réelle
2018-09-02,42.9650447085471,#C3F000,Bon,réelle
2018-09-01,40.0029138246428,#C3F000,Bon,réelle
2018-08-31,37.6728619217103,#99E600,Bon,réelle
2018-08-30,36.3142760502748,#99E600,Bon,réelle
2018-08-29,39.6511439200524,#99E600,Bon,réelle
2018-08-28,49.2356805004036,#C3F000,Bon,réelle
2018-08-27,52.4697153390753,#FFFF00,Moyen,réelle
2018-08-26,32.8860932790107,#99E600,Bon,réelle
2018-08-25,26.4662060477926,#5CCB60,Bon,réelle
2018-08-24,29.4100393624217,#5CCB60,Bon,réelle
2018-08-23,62.4480128431094,#FFD100,Médiocre,réelle
2018-08-22,71.3265883858314,#FFAA00,Médiocre,réelle
2018-08-21,50.2216739025916,#FFFF00,Moyen,réelle
2018-08-20,40.771653857044,#C3F000,Bon,réelle
2018-08-19,47.6018009543728,#C3F000,Bon,réelle
2018-08-18,45.2823332786581,#C3F000,Bon,réelle
2018-08-17,35.6828542598819,#99E600,Bon,réelle
2018-08-16,56.8562203302588,#FFFF00,Moyen,réelle
2018-08-15,41.9182092943458,#C3F000,Bon,réelle
2018-08-14,29.472541645371,#5CCB60,Bon,réelle
2018-08-13,43.7082234863276,#C3F000,Bon,réelle
2018-08-12,56.4771943111338,#FFFF00,Moyen,réelle
2018-08-11,37.4098473342467,#99E600,Bon,réelle
2018-08-10,41.9253692127579,#C3F000,Bon,réelle
2018-08-09,38.3530541708518,#99E600,Bon,réelle
2018-08-08,51.6045758254457,#FFFF00,Moyen,réelle
2018-08-07,60.8261356723877,#FFD100,Médiocre,réelle
2018-08-06,73.2683444235789,#FFAA00,Médiocre,réelle
2018-08-05,85.8101694309373,#FF5E00,Médiocre,réelle
2018-08-04,77.209343380237,#FFAA00,Médiocre,réelle
2018-08-03,75.7017827812626,#FFAA00,Médiocre,réelle
2018-08-02,66.7676227511585,#FFD100,Médiocre,réelle
2018-08-01,55.410470234677,#FFFF00,Moyen,réelle
2018-07-31,52.838468431783,#FFFF00,Moyen,réelle
2018-07-30,51.8520253728831,#FFFF00,Moyen,réelle
2018-07-29,63.1046499983447,#FFD100,Médiocre,réelle
2018-07-28,44.9925814113274,#C3F000,Bon,réelle
2018-07-27,84.3538005191599,#FF5E00,Médiocre,réelle
2018-07-26,72.2502178609814,#FFAA00,Médiocre,réelle
2018-07-25,69.3083561180889,#FFD100,Médiocre,réelle
2018-07-24,85.5000792446392,#FF5E00,Médiocre,réelle
2018-07-23,68.6280255130361,#FFD100,Médiocre,réelle
2018-07-22,52.5383744600794,#FFFF00,Moyen,réelle
2018-07-21,44.0171722363571,#C3F000,Bon,réelle
2018-07-20,66.9916555606011,#FFD100,Médiocre,réelle
2018-07-19,61.9014724043256,#FFD100,Médiocre,réelle
2018-07-18,50.7111771169242,#FFFF00,Moyen,réelle
2018-07-17,47.7034925492101,#C3F000,Bon,réelle
2018-07-16,62.3149144563972,#FFD100,Médiocre,réelle
2018-07-15,65.5960940718591,#FFD100,Médiocre,réelle
2018-07-14,72.9503333613563,#FFAA00,Médiocre,réelle
2018-07-13,74.6760120545634,#FFAA00,Médiocre,réelle
2018-07-12,58.071400299587,#FFFF00,Moyen,réelle
2018-07-11,45.3281636742906,#C3F000,Bon,réelle
2018-07-10,53.4850056054902,#FFFF00,Moyen,réelle
2018-07-09,63.9831754463968,#FFD100,Médiocre,réelle
2018-07-08,60.8312894300852,#FFD100,Médiocre,réelle
2018-07-07,51.6372278205227,#FFFF00,Moyen,réelle
2018-07-06,47.0004369857191,#C3F000,Bon,réelle
2018-07-05,39.758473518277,#99E600,Bon,réelle
2018-07-04,60.8713088774412,#FFD100,Médiocre,réelle
2018-07-03,64.1575384836672,#FFD100,Médiocre,réelle
2018-07-02,82.215579087305,#FF5E00,Médiocre,réelle
2018-07-01,61.9832061589516,#FFD100,Médiocre,réelle
2018-06-30,67.6944690012472,#FFD100,Médiocre,réelle
2018-06-29,71.7304838800203,#FFAA00,Médiocre,réelle
2018-06-28,55.3437480964317,#FFFF00,Moyen,réelle
2018-06-27,58.0964081305623,#FFFF00,Moyen,réelle
2018-06-26,47.4973768302864,#C3F000,Bon,réelle
2018-06-25,45.1480242777216,#C3F000,Bon,réelle
2018-06-24,47.2662878693653,#C3F000,Bon,réelle
2018-06-23,44.529158286283,#C3F000,Bon,réelle
2018-06-22,37.658403728975,#99E600,Bon,réelle
2018-06-21,53.7782855485602,#FFFF00,Moyen,réelle
2018-06-20,58.2573506444324,#FFFF00,Moyen,réelle
2018-06-19,36.66165315468,#99E600,Bon,réelle
2018-06-18,33.8153953465257,#99E600,Bon,réelle
2018-06-17,31.4593325322607,#99E600,Bon,réelle
2018-06-16,40.6640475469967,#C3F000,Bon,réelle
2018-06-15,45.0911254091817,#C3F000,Bon,réelle
2018-06-14,39.8430435690856,#99E600,Bon,réelle
2018-06-13,34.6471564965438,#99E600,Bon,réelle
2018-06-11,32.6547967842225,#99E600,Bon,réelle
2018-06-10,46.685711876391,#C3F000,Bon,réelle
2018-06-09,51.8704267090918,#FFFF00,Moyen,réelle
2018-06-08,34.6935403158216,#99E600,Bon,réelle
2018-06-07,43.7556795639183,#C3F000,Bon,réelle
2018-06-06,41.5643986400632,#C3F000,Bon,réelle
2018-06-05,46.0539787851975,#C3F000,Bon,réelle
2018-06-04,43.7004409663145,#C3F000,Bon,réelle
2018-06-03,43.6305366421083,#C3F000,Bon,réelle
2018-06-02,41.7841424162542,#C3F000,Bon,réelle
2018-06-01,39.712331821844,#99E600,Bon,réelle
2018-05-31,39.0938808981395,#99E600,Bon,réelle
2018-05-30,33.562722863435,#99E600,Bon,réelle
2018-05-29,41.2149807859657,#C3F000,Bon,réelle
2018-05-28,35.4455392829503,#99E600,Bon,réelle
2018-05-27,57.0873092911799,#FFFF00,Moyen,réelle
2018-05-26,54.2050443570986,#FFFF00,Moyen,réelle
2018-05-25,55.9330751007985,#FFFF00,Moyen,réelle
2018-05-24,53.9548968693899,#FFFF00,Moyen,réelle
2018-05-23,33.8117980928308,#99E600,Bon,réelle
2018-05-22,52.4829283286086,#FFFF00,Moyen,réelle
2018-05-21,57.9941285231017,#FFFF00,Moyen,réelle
2018-05-20,53.792639974362,#FFFF00,Moyen,réelle
2018-05-19,55.6723433858721,#FFFF00,Moyen,réelle
2018-05-18,48.299944883011,#C3F000,Bon,réelle
2018-05-17,41.9837208183669,#C3F000,Bon,réelle
2018-05-16,45.9796816608061,#C3F000,Bon,réelle
2018-05-15,36.5957957408806,#99E600,Bon,réelle
2018-05-14,36.7925724357886,#99E600,Bon,réelle
2018-05-13,37.6239531070505,#99E600,Bon,réelle
2018-05-12,51.4961393799303,#FFFF00,Moyen,réelle
2018-05-11,45.1642465083266,#C3F000,Bon,réelle
2018-05-10,32.6580135591612,#99E600,Bon,réelle
2018-05-09,47.7947728617188,#C3F000,Bon,réelle
2018-05-08,53.9023216230794,#FFFF00,Moyen,réelle
2018-05-07,57.3947361261847,#FFFF00,Moyen,réelle
2018-05-06,57.5393180535385,#FFFF00,Moyen,réelle
2018-05-05,50.8793487271619,#FFFF00,Moyen,réelle
2018-05-04,43.6983656276444,#C3F000,Bon,réelle
2018-05-03,38.0231099112759,#99E600,Bon,réelle
2018-05-02,41.8446731274669,#C3F000,Bon,réelle
2018-05-01,36.5780861842287,#99E600,Bon,réelle
2018-04-30,42.2764473377915,#C3F000,Bon,réelle
2018-04-29,50.4072437686808,#FFFF00,Moyen,réelle
2018-04-28,37.2922793985828,#99E600,Bon,réelle
2018-04-27,51.2890205806494,#FFFF00,Moyen,réelle
2018-04-26,42.4794846376878,#C3F000,Bon,réelle
2018-04-25,51.1865334393219,#FFFF00,Moyen,réelle
2018-04-24,49.2708229018848,#C3F000,Bon,réelle
2018-04-23,49.3802278387795,#C3F000,Bon,réelle
2018-04-22,66.6998283546003,#FFD100,Médiocre,réelle
2018-04-21,79.4723272551458,#FFAA00,Médiocre,réelle
2018-04-20,85.8969877653052,#FF5E00,Médiocre,réelle
2018-04-19,64.3875897752533,#FFD100,Médiocre,réelle
2018-04-18,63.462749685879,#FFD100,Médiocre,réelle
2018-04-17,50.7197897724053,#FFFF00,Moyen,réelle
2018-04-16,40.3857100423518,#C3F000,Bon,réelle
2018-04-15,47.4128067794778,#C3F000,Bon,réelle
2018-04-14,42.4127970884203,#C3F000,Bon,réelle
2018-04-13,50.613878322272,#FFFF00,Moyen,réelle
2018-04-12,52.4364753313751,#FFFF00,Moyen,réelle
2018-04-11,40.9884229811411,#C3F000,Bon,réelle
2018-04-10,50.7267421569503,#FFFF00,Moyen,réelle
2018-04-09,41.2566950932357,#C3F000,Bon,réelle
2018-04-08,51.7012520184968,#FFFF00,Moyen,réelle
2018-04-07,47.9690667210335,#C3F000,Bon,réelle
2018-04-06,52.8173691553031,#FFFF00,Moyen,réelle
2018-04-05,38.0578026560452,#99E600,Bon,réelle
2018-04-04,49.8287085253988,#C3F000,Bon,réelle
2018-04-03,53.0690731470144,#FFFF00,Moyen,réelle
2018-04-02,48.9316433852267,#C3F000,Bon,réelle
2018-04-01,47.4191365624218,#C3F000,Bon,réelle
2018-03-31,40.0509233258789,#C3F000,Bon,réelle
2018-03-30,44.5932862511906,#C3F000,Bon,réelle
2018-03-29,42.9903638403229,#C3F000,Bon,réelle
2018-03-28,36.2574117707127,#99E600,Bon,réelle
2018-03-27,54.9500217617265,#FFFF00,Moyen,réelle
2018-03-26,39.2840856872587,#99E600,Bon,réelle
2018-03-25,41.1801842742629,#C3F000,Bon,réelle
2018-03-24,43.651462973699,#C3F000,Bon,réelle
2018-03-23,30.2819583157071,#99E600,Bon,réelle
2018-03-22,38.4893001545471,#99E600,Bon,réelle
2018-03-21,38.3896493094021,#99E600,Bon,réelle
2018-03-20,43.0318014357702,#C3F000,Bon,réelle
2018-03-19,32.5073785606862,#99E600,Bon,réelle
2018-03-18,28.0022679645037,#5CCB60,Bon,réelle
2018-03-17,32.8811470551801,#99E600,Bon,réelle
2018-03-16,34.0477986886046,#99E600,Bon,réelle
2018-03-15,42.7331256121579,#C3F000,Bon,réelle
2018-03-14,41.3054309630064,#C3F000,Bon,réelle
2018-03-13,35.611185897806,#99E600,Bon,réelle
2018-03-12,36.7078640290687,#99E600,Bon,réelle
2018-03-11,41.4994405396875,#C3F000,Bon,réelle
2018-03-10,38.4647073913058,#99E600,Bon,réelle
2018-03-09,42.2164700502242,#C3F000,Bon,réelle
2018-03-08,34.9099635501404,#99E600,Bon,réelle
2018-03-07,42.1359469098224,#C3F000,Bon,réelle
2018-03-06,35.8000071278118,#99E600,Bon,réelle
2018-03-05,34.3280385870305,#99E600,Bon,réelle
2018-03-04,38.7022990800601,#99E600,Bon,réelle
2018-03-03,33.5519311023503,#99E600,Bon,réelle
2018-03-02,44.2600560387203,#C3F000,Bon,réelle
2018-03-01,35.8936049018355,#99E600,Bon,réelle
2018-02-28,77.1187202583071,#FFAA00,Médiocre,réelle
2018-02-27,46.9283189669314,#C3F000,Bon,réelle
2018-02-26,33.304654499802,#99E600,Bon,réelle
2018-02-25,50.2406286624456,#FFFF00,Moyen,réelle
2018-02-24,83.3252972632117,#FF5E00,Médiocre,réelle
2018-02-23,64.4244616256263,#FFD100,Médiocre,réelle
2018-02-22,76.6268995824596,#FFAA00,Médiocre,réelle
2018-02-21,46.5137700675691,#C3F000,Bon,réelle
2018-02-20,37.347206695386,#99E600,Bon,réelle
2018-02-19,30.1095322611956,#99E600,Bon,réelle
2018-02-18,29.2911224566221,#5CCB60,Bon,réelle
2018-02-17,25.3159495898622,#5CCB60,Bon,réelle
2018-02-16,30.4770401507012,#99E600,Bon,réelle
2018-02-15,28.6779982355043,#5CCB60,Bon,réelle
2018-02-14,34.6650389980849,#99E600,Bon,réelle
2018-02-13,37.64553662922,#99E600,Bon,réelle
2018-02-12,27.8050416128838,#5CCB60,Bon,réelle
2018-02-11,24.0839593773058,#5CCB60,Bon,réelle
2018-02-10,23.1960257272824,#5CCB60,Bon,réelle
2018-02-09,64.1167926677766,#FFD100,Médiocre,réelle
2018-02-08,47.0360290439122,#C3F000,Bon,réelle
2018-02-07,27.782662544224,#5CCB60,Bon,réelle
2018-02-06,48.5012873229934,#C3F000,Bon,réelle
2018-02-05,27.6240720808468,#5CCB60,Bon,réelle
2018-02-04,37.6054134149305,#99E600,Bon,réelle
2018-02-03,31.0889191686169,#99E600,Bon,réelle
2018-02-02,23.803096877279,#5CCB60,Bon,réelle
2018-02-01,22.8358161121001,#5CCB60,Bon,réelle
2018-01-31,19.4649126881321,#32B8A3,Très bon,réelle
2018-01-30,16.7238745505544,#32B8A3,Très bon,réelle
2018-01-29,23.8847960429272,#5CCB60,Bon,réelle
2018-01-28,20.1792788473754,#5CCB60,Bon,réelle
2018-01-27,21.5154856501511,#5CCB60,Bon,réelle
2018-01-26,28.5279166606747,#5CCB60,Bon,réelle
2018-01-25,31.9046310329191,#99E600,Bon,réelle
2018-01-24,38.2142486027966,#99E600,Bon,réelle
2018-01-23,30.0380022550311,#99E600,Bon,réelle
2018-01-22,24.7747012646873,#5CCB60,Bon,réelle
2018-01-21,29.8375591284725,#5CCB60,Bon,réelle
2018-01-20,23.3151155779712,#5CCB60,Bon,réelle
2018-01-19,42.3044298208607,#C3F000,Bon,réelle
2018-01-18,25.3143930858596,#5CCB60,Bon,réelle
2018-01-17,39.5923772467094,#99E600,Bon,réelle
2018-01-16,25.1856529103547,#5CCB60,Bon,réelle
2018-01-15,41.9093545160199,#C3F000,Bon,réelle
2018-01-14,37.9793894432914,#99E600,Bon,réelle
2018-01-13,38.6332940692776,#99E600,Bon,réelle
2018-01-12,19.729760491421,#32B8A3,Très bon,réelle
2018-01-11,28.5586662619707,#5CCB60,Bon,réelle
2018-01-09,26.8425341266463,#5CCB60,Bon,réelle
2018-01-08,25.3462495344464,#5CCB60,Bon,réelle
2018-01-07,14.0612842147083,#32B8A3,Très bon,réelle
2018-01-06,21.3424369940384,#5CCB60,Bon,réelle
2018-01-05,31.9289124953599,#99E600,Bon,réelle
2018-01-04,33.3317030804696,#99E600,Bon,réelle
2018-01-03,31.2217754324843,#99E600,Bon,réelle
2018-01-02,31.3312149583569,#99E600,Bon,réelle
2018-01-01,31.1361331233628,#99E600,Bon,réelle
2017-12-31,32.5230819566237,#99E600,Bon,réelle
2017-12-30,33.3612766565192,#99E600,Bon,réelle
2017-12-29,25.2162641557394,#5CCB60,Bon,réelle
2017-12-28,26.9672619807223,#5CCB60,Bon,réelle
2017-12-27,25.7850798962495,#5CCB60,Bon,réelle
2017-12-26,31.462238006399,#99E600,Bon,réelle
2017-12-25,21.2070903237669,#5CCB60,Bon,réelle
2017-12-24,16.8500551416995,#32B8A3,Très bon,réelle
2017-12-23,17.4310807913856,#32B8A3,Très bon,réelle
2017-12-22,15.0988843718274,#32B8A3,Très bon,réelle
2017-12-21,15.8706336453003,#32B8A3,Très bon,réelle
2017-12-20,17.2762951155703,#32B8A3,Très bon,réelle
2017-12-18,24.9093215664243,#5CCB60,Bon,réelle
2017-12-17,20.067694804877,#5CCB60,Bon,réelle
2017-12-16,21.6931346403159,#5CCB60,Bon,réelle
2017-12-15,36.8360853699061,#99E600,Bon,réelle
2017-12-14,38.112833719782,#99E600,Bon,réelle
2017-12-13,35.7617171293475,#99E600,Bon,réelle
2017-12-12,33.2930326032491,#99E600,Bon,réelle
2017-12-11,21.3826985642393,#5CCB60,Bon,réelle
2017-12-10,27.9460608755204,#5CCB60,Bon,réelle
2017-12-09,35.6050290597513,#99E600,Bon,réelle
2017-12-08,25.7669206828857,#5CCB60,Bon,réelle
2017-12-07,50.3597185131343,#FFFF00,Moyen,réelle
2017-12-06,52.6003579083612,#FFFF00,Moyen,réelle
2017-12-05,61.2035360095543,#FFD100,Médiocre,réelle
2017-12-04,64.8959093935285,#FFD100,Médiocre,réelle
2017-12-03,32.2505554002552,#99E600,Bon,réelle
2017-12-02,25.4551702256514,#5CCB60,Bon,réelle
2017-12-01,26.1637254366183,#5CCB60,Bon,réelle
2017-11-30,31.5577727631815,#99E600,Bon,réelle
2017-11-29,36.8307932562972,#99E600,Bon,réelle
2017-11-28,61.6528468316417,#FFD100,Médiocre,réelle
2017-11-27,63.6423356588026,#FFD100,Médiocre,réelle
2017-11-26,30.1962122396521,#99E600,Bon,réelle
2017-11-25,27.9373790420836,#5CCB60,Bon,réelle
2017-11-24,38.6571950529622,#99E600,Bon,réelle
2017-11-23,31.1426012622181,#99E600,Bon,réelle
2017-11-22,84.3451878636788,#FF5E00,Médiocre,réelle
2017-11-21,96.4476290855888,#FF0000,Mauvais,réelle
2017-11-20,44.5217216560483,#C3F000,Bon,réelle
2017-11-19,52.0159079498693,#FFFF00,Moyen,réelle
2017-11-18,33.5882841180557,#99E600,Bon,réelle
2017-11-17,59.5277000334087,#FFFF00,Moyen,réelle
2017-11-16,63.7354837761145,#FFD100,Médiocre,réelle
2017-11-15,36.3408403852527,#99E600,Bon,réelle
2017-11-14,26.3277463695157,#5CCB60,Bon,réelle
2017-11-13,25.7372087509247,#5CCB60,Bon,réelle
2017-11-12,28.2075189589814,#5CCB60,Bon,réelle
2017-11-11,42.220724494498,#C3F000,Bon,réelle
2017-11-09,28.2906708616988,#5CCB60,Bon,réelle
2017-11-08,39.5679574283573,#99E600,Bon,réelle
2017-11-07,29.6591491807953,#5CCB60,Bon,réelle
2017-11-06,27.7466900072748,#5CCB60,Bon,réelle
2017-11-05,29,#5CCB60,Bon,réelle
2017-11-04,50,#C3F000,Bon,réelle
